-- MySQL dump 10.13  Distrib 8.0.44, for Win64 (x86_64)
--
-- Host: 127.0.0.1    Database: adwords_analysis
-- ------------------------------------------------------
-- Server version	8.0.44

/*!40101 SET @OLD_CHARACTER_SET_CLIENT=@@CHARACTER_SET_CLIENT */;
/*!40101 SET @OLD_CHARACTER_SET_RESULTS=@@CHARACTER_SET_RESULTS */;
/*!40101 SET @OLD_COLLATION_CONNECTION=@@COLLATION_CONNECTION */;
/*!50503 SET NAMES utf8mb4 */;
/*!40103 SET @OLD_TIME_ZONE=@@TIME_ZONE */;
/*!40103 SET TIME_ZONE='+00:00' */;
/*!40014 SET @OLD_UNIQUE_CHECKS=@@UNIQUE_CHECKS, UNIQUE_CHECKS=0 */;
/*!40014 SET @OLD_FOREIGN_KEY_CHECKS=@@FOREIGN_KEY_CHECKS, FOREIGN_KEY_CHECKS=0 */;
/*!40101 SET @OLD_SQL_MODE=@@SQL_MODE, SQL_MODE='NO_AUTO_VALUE_ON_ZERO' */;
/*!40111 SET @OLD_SQL_NOTES=@@SQL_NOTES, SQL_NOTES=0 */;

--
-- Table structure for table `keyword`
--

DROP TABLE IF EXISTS `keyword`;
/*!40101 SET @saved_cs_client     = @@character_set_client */;
/*!50503 SET character_set_client = utf8mb4 */;
CREATE TABLE `keyword` (
  `keyword_key` int NOT NULL,
  `keyword` varchar(255) COLLATE utf8mb4_unicode_ci DEFAULT NULL,
  `keyword_clean` varchar(255) COLLATE utf8mb4_unicode_ci DEFAULT NULL,
  PRIMARY KEY (`keyword_key`)
) ENGINE=InnoDB DEFAULT CHARSET=utf8mb4 COLLATE=utf8mb4_unicode_ci;
/*!40101 SET character_set_client = @saved_cs_client */;

--
-- Dumping data for table `keyword`
--

LOCK TABLES `keyword` WRITE;
/*!40000 ALTER TABLE `keyword` DISABLE KEYS */;
INSERT INTO `keyword` VALUES (1,'a certified scrum product owner',NULL),(2,'agile certified scrum master',NULL),(3,'amazon web service certification',NULL),(4,'aws practitioner certification',NULL),(5,'aws solutions architect-associate',NULL),(6,'best aws learning tutorial',NULL),(7,'best course for pmp',NULL),(8,'best platform to learn aws',NULL),(9,'best pmp prep course',NULL),(10,'caltech post graduate program in cloud computing',NULL),(11,'capm certification',NULL),(12,'capm course',NULL),(13,'capm training classes',NULL),(14,'certificado de gestion de proyectos',NULL),(15,'certified associate in project management capm course',NULL),(16,'certified scrum certification',NULL),(17,'certified scrum master',NULL),(18,'certified scrum master certificate',NULL),(19,'certified scrum master certification',NULL),(20,'certified scrum master class',NULL),(21,'certified scrum master course',NULL),(22,'certified scrum master csm certification',NULL),(23,'certified scrummaster csm',NULL),(24,'cheap pmp certification',NULL),(25,'cloud architect certification',NULL),(26,'csm certification',NULL),(27,'csm class',NULL),(28,'csm scrum master certification',NULL),(29,'cspo',NULL),(30,'cspo training',NULL),(31,'devops certification course',NULL),(32,'duration of pmp course',NULL),(33,'get certified scrum master',NULL),(34,'how much does it cost to do pmp-acp',NULL),(35,'how to get pmp certification',NULL),(36,'how to get project management certification',NULL),(37,'how to prepare for pmp certification',NULL),(38,'how to register for pmp exam',NULL),(39,'it architect certification program',NULL),(40,'it project manager certification',NULL),(41,'itil 4 foundation certification',NULL),(42,'itil 4 foundation course',NULL),(43,'itil 4 foundation exam cost',NULL),(44,'itil 4 foundation mock exam',NULL),(45,'itil certification',NULL),(46,'itil certification course online',NULL),(47,'itil certification online',NULL),(48,'itil certification training',NULL),(49,'itil certifications',NULL),(50,'itil classes online',NULL),(51,'itil foundation mock exam',NULL),(52,'itil foundation mock test',NULL),(53,'itil foundation test',NULL),(54,'itil foundation test online',NULL),(55,'itil foundation training',NULL),(56,'itil foundations training',NULL),(57,'itil online certification',NULL),(58,'itilv4 foundation',NULL),(59,'itl certification',NULL),(60,'knowledgehut cspo',NULL),(61,'learning tree itil 4 foundation',NULL),(62,'login simplilearn',NULL),(63,'online pmp certification training',NULL),(64,'pmi certification',NULL),(65,'pmi exam prep',NULL),(66,'pmi pmp certification',NULL),(67,'pmi project management course',NULL),(68,'pmp certificaiton',NULL),(69,'pmp certification',NULL),(70,'pmp certification 35 hours online training',NULL),(71,'pmp certification cost',NULL),(72,'pmp certification courses online',NULL),(73,'pmp certification exam questions',NULL),(74,'pmp certification online course',NULL),(75,'pmp certification requirements',NULL),(76,'pmp certification training',NULL),(77,'pmp certification what is it',NULL),(78,'pmp certifications',NULL),(79,'pmp certificering',NULL),(80,'pmp course',NULL),(81,'pmp courses online free',NULL),(82,'pmp exam',NULL),(83,'pmp exam cost',NULL),(84,'pmp exam fee',NULL),(85,'pmp exam practice test',NULL),(86,'pmp exam prep free',NULL),(87,'pmp free course',NULL),(88,'pmp practice exam free',NULL),(89,'pmp prep classes',NULL),(90,'pmp registered',NULL),(91,'pmp study course',NULL),(92,'pmp test',NULL),(93,'pmp test requirements',NULL),(94,'pmp training and certification cost',NULL),(95,'pmp training pmi',NULL),(96,'post graduate program in digital marketing simpli learn purdue cost',NULL),(97,'project management certification',NULL),(98,'project management professional certification',NULL),(99,'project management professional prep course',NULL),(100,'purdue project management essentials',NULL),(101,'safe 6.0 certification',NULL),(102,'safe certification',NULL),(103,'scale agile certification',NULL),(104,'scaled agile framework certification',NULL),(105,'scrum alliance csm certification cost',NULL),(106,'scrum master certification',NULL),(107,'scrum master certification course',NULL),(108,'scrum master certification free',NULL),(109,'scrum safe certification',NULL),(110,'similearn',NULL),(111,'simlilearn',NULL),(112,'simpilearn',NULL),(113,'simple lern',NULL),(114,'simplearn',NULL),(115,'simplelearn',NULL),(116,'simplelern',NULL),(117,'simpli lear',NULL),(118,'simpli learn',NULL),(119,'simplielarn',NULL),(120,'simplielearn',NULL),(121,'simplilarn',NULL),(122,'simplileaern',NULL),(123,'simplileanr',NULL),(124,'simplilear',NULL),(125,'simplilearn',NULL),(126,'simplilearn americas',NULL),(127,'simplilearn artificial intelligence engineer',NULL),(128,'simplilearn azure',NULL),(129,'simplilearn cissp',NULL),(130,'simplilearn cloud architect',NULL),(131,'simplilearn courses',NULL),(132,'simplilearn data science',NULL),(133,'simplilearn full stack developer',NULL),(134,'simplilearn generative ai',NULL),(135,'simplilearn itil',NULL),(136,'simplilearn log in',NULL),(137,'simplilearn login',NULL),(138,'simplilearn.com',NULL),(139,'simplilearning',NULL),(140,'simplilearns',NULL),(141,'simplilerarn',NULL),(142,'simplilern',NULL),(143,'simpllearn',NULL),(144,'simply learn',NULL),(145,'simply lern',NULL),(146,'simplylearn',NULL),(147,'siplilearn',NULL),(148,'skillup by simplilearn',NULL),(149,'smplilearn',NULL),(150,'smum master certification',NULL),(151,'srum master certification',NULL),(152,'togaf certification',NULL),(153,'togaf certification price',NULL),(154,'togaf certification training',NULL),(155,'togaf certifications',NULL),(156,'togaf certified',NULL),(157,'togaf course online',NULL),(158,'togaf training',NULL),(159,'udacity enterprise architecture',NULL),(160,'what is the cost of pmp exam',NULL);
/*!40000 ALTER TABLE `keyword` ENABLE KEYS */;
UNLOCK TABLES;

--
-- Table structure for table `keyword_difficulty`
--

DROP TABLE IF EXISTS `keyword_difficulty`;
/*!40101 SET @saved_cs_client     = @@character_set_client */;
/*!50503 SET character_set_client = utf8mb4 */;
CREATE TABLE `keyword_difficulty` (
  `keyword_key` int NOT NULL,
  `keyword_difficulty` decimal(5,2) DEFAULT NULL,
  PRIMARY KEY (`keyword_key`)
) ENGINE=InnoDB DEFAULT CHARSET=utf8mb4 COLLATE=utf8mb4_unicode_ci;
/*!40101 SET character_set_client = @saved_cs_client */;

--
-- Dumping data for table `keyword_difficulty`
--

LOCK TABLES `keyword_difficulty` WRITE;
/*!40000 ALTER TABLE `keyword_difficulty` DISABLE KEYS */;
INSERT INTO `keyword_difficulty` VALUES (1,44.00),(2,67.00),(3,97.00),(4,78.00),(5,61.00),(6,47.00),(7,39.00),(8,38.00),(9,32.00),(10,19.00),(11,58.00),(12,44.00),(13,39.00),(14,18.00),(15,27.00),(16,73.00),(17,73.00),(18,64.00),(19,50.00),(20,59.00),(21,60.00),(22,51.00),(23,60.00),(24,25.00),(25,77.00),(26,57.00),(27,42.00),(28,48.00),(29,44.00),(30,44.00),(31,60.00),(32,46.00),(33,47.00),(34,22.00),(35,46.00),(36,56.00),(37,33.00),(38,18.00),(39,31.00),(40,45.00),(41,44.00),(42,46.00),(43,24.00),(44,15.00),(45,55.00),(46,32.00),(47,40.00),(48,54.00),(49,63.00),(50,33.00),(51,16.00),(52,12.00),(53,30.00),(54,17.00),(55,36.00),(56,32.00),(57,35.00),(58,35.00),(59,47.00),(60,14.00),(61,8.00),(62,45.00),(63,57.00),(64,45.00),(65,56.00),(66,70.00),(67,62.00),(68,77.00),(69,78.00),(70,31.00),(71,46.00),(72,57.00),(73,37.00),(74,59.00),(75,54.00),(76,70.00),(77,49.00),(78,73.00),(79,66.00),(80,70.00),(81,28.00),(82,60.00),(83,38.00),(84,27.00),(85,32.00),(86,30.00),(87,35.00),(88,29.00),(89,49.00),(90,56.00),(91,58.00),(92,67.00),(93,47.00),(94,37.00),(95,70.00),(96,30.00),(97,76.00),(98,82.00),(99,43.00),(100,34.00),(101,38.00),(102,48.00),(103,44.00),(104,57.00),(105,47.00),(106,70.00),(107,62.00),(108,42.00),(109,27.00),(110,48.00),(111,70.00),(112,49.00),(113,NULL),(114,44.00),(115,56.00),(116,48.00),(117,38.00),(118,66.00),(119,62.00),(120,58.00),(121,44.00),(122,38.00),(123,49.00),(124,68.00),(125,52.00),(126,37.00),(127,33.00),(128,36.00),(129,37.00),(130,34.00),(131,52.00),(132,51.00),(133,50.00),(134,41.00),(135,41.00),(136,19.00),(137,57.00),(138,77.00),(139,78.00),(140,76.00),(141,39.00),(142,63.00),(143,54.00),(144,62.00),(145,47.00),(146,80.00),(147,38.00),(148,49.00),(149,49.00),(150,68.00),(151,64.00),(152,43.00),(153,24.00),(154,33.00),(155,51.00),(156,50.00),(157,21.00),(158,43.00),(159,20.00),(160,34.00);
/*!40000 ALTER TABLE `keyword_difficulty` ENABLE KEYS */;
UNLOCK TABLES;

--
-- Table structure for table `search_volume`
--

DROP TABLE IF EXISTS `search_volume`;
/*!40101 SET @saved_cs_client     = @@character_set_client */;
/*!50503 SET character_set_client = utf8mb4 */;
CREATE TABLE `search_volume` (
  `keyword_key` int NOT NULL,
  `search_volume` int DEFAULT NULL,
  PRIMARY KEY (`keyword_key`)
) ENGINE=InnoDB DEFAULT CHARSET=utf8mb4 COLLATE=utf8mb4_unicode_ci;
/*!40101 SET character_set_client = @saved_cs_client */;

--
-- Dumping data for table `search_volume`
--

LOCK TABLES `search_volume` WRITE;
/*!40000 ALTER TABLE `search_volume` DISABLE KEYS */;
INSERT INTO `search_volume` VALUES (1,70),(2,90),(3,1300),(4,1000),(5,70),(6,720),(7,30),(8,110),(9,170),(10,40),(11,14800),(12,590),(13,70),(14,40),(15,110),(16,880),(17,5400),(18,260),(19,9900),(20,260),(21,390),(22,170),(23,140),(24,90),(25,480),(26,9900),(27,140),(28,210),(29,5400),(30,480),(31,50),(32,50),(33,40),(34,390),(35,1900),(36,390),(37,110),(38,70),(39,110),(40,140),(41,390),(42,70),(43,320),(44,30),(45,14800),(46,40),(47,110),(48,140),(49,2900),(50,70),(51,70),(52,70),(53,50),(54,30),(55,170),(56,40),(57,30),(58,30),(59,30),(60,30),(61,40),(62,260),(63,50),(64,5400),(65,140),(66,720),(67,210),(68,140),(69,90500),(70,40),(71,12100),(72,260),(73,880),(74,170),(75,6600),(76,1300),(77,70),(78,1600),(79,30),(80,2400),(81,40),(82,6600),(83,2400),(84,1900),(85,590),(86,40),(87,110),(88,320),(89,590),(90,40),(91,320),(92,1600),(93,260),(94,50),(95,210),(96,1900),(97,49500),(98,18100),(99,590),(100,30),(101,70),(102,6600),(103,720),(104,2900),(105,90),(106,18100),(107,140),(108,1000),(109,30),(110,70),(111,390),(112,170),(113,50),(114,30),(115,1000),(116,260),(117,90),(118,1000),(119,70),(120,70),(121,110),(122,140),(123,140),(124,70),(125,8100),(126,720),(127,30),(128,90),(129,30),(130,40),(131,70),(132,90),(133,110),(134,30),(135,40),(136,90),(137,1600),(138,40),(139,170),(140,50),(141,50),(142,210),(143,140),(144,1000),(145,70),(146,590),(147,70),(148,90),(149,140),(150,1600),(151,40),(152,1900),(153,30),(154,90),(155,140),(156,390),(157,40),(158,210),(159,260),(160,40);
/*!40000 ALTER TABLE `search_volume` ENABLE KEYS */;
UNLOCK TABLES;

--
-- Temporary view structure for view `traffic_enriched`
--

DROP TABLE IF EXISTS `traffic_enriched`;
/*!50001 DROP VIEW IF EXISTS `traffic_enriched`*/;
SET @saved_cs_client     = @@character_set_client;
/*!50503 SET character_set_client = utf8mb4 */;
/*!50001 CREATE VIEW `traffic_enriched` AS SELECT 
 1 AS `id`,
 1 AS `title`,
 1 AS `keyword`,
 1 AS `keyword_key`,
 1 AS `keyword_id`,
 1 AS `position`,
 1 AS `previous_position`,
 1 AS `last_seen`,
 1 AS `search_volume`,
 1 AS `cpc`,
 1 AS `traffic`,
 1 AS `traffic_percent`,
 1 AS `traffic_cost`,
 1 AS `traffic_cost_percent`,
 1 AS `competition`,
 1 AS `number_of_results`,
 1 AS `keyword_difficulty`,
 1 AS `keyword_name`*/;
SET character_set_client = @saved_cs_client;

--
-- Table structure for table `website_traffic_data`
--

DROP TABLE IF EXISTS `website_traffic_data`;
/*!40101 SET @saved_cs_client     = @@character_set_client */;
/*!50503 SET character_set_client = utf8mb4 */;
CREATE TABLE `website_traffic_data` (
  `id` int NOT NULL AUTO_INCREMENT,
  `title` varchar(255) COLLATE utf8mb4_unicode_ci DEFAULT NULL,
  `keyword` varchar(255) COLLATE utf8mb4_unicode_ci DEFAULT NULL,
  `keyword_key` int DEFAULT NULL,
  `keyword_id` int DEFAULT NULL,
  `position` int DEFAULT NULL,
  `previous_position` int DEFAULT NULL,
  `last_seen` date DEFAULT NULL,
  `search_volume` int DEFAULT NULL,
  `cpc` decimal(10,2) DEFAULT NULL,
  `traffic` int DEFAULT NULL,
  `traffic_percent` decimal(5,2) DEFAULT NULL,
  `traffic_cost` decimal(10,2) DEFAULT NULL,
  `traffic_cost_percent` decimal(5,2) DEFAULT NULL,
  `competition` decimal(5,4) DEFAULT NULL,
  `number_of_results` bigint DEFAULT NULL,
  `keyword_difficulty` decimal(5,2) DEFAULT NULL,
  PRIMARY KEY (`id`),
  KEY `idx_keyword_key` (`keyword_key`),
  KEY `idx_last_seen` (`last_seen`),
  KEY `idx_position` (`position`),
  CONSTRAINT `website_traffic_data_ibfk_1` FOREIGN KEY (`keyword_key`) REFERENCES `keyword` (`keyword_key`)
) ENGINE=InnoDB AUTO_INCREMENT=189 DEFAULT CHARSET=utf8mb4 COLLATE=utf8mb4_unicode_ci;
/*!40101 SET character_set_client = @saved_cs_client */;

--
-- Dumping data for table `website_traffic_data`
--

LOCK TABLES `website_traffic_data` WRITE;
/*!40000 ALTER TABLE `website_traffic_data` DISABLE KEYS */;
INSERT INTO `website_traffic_data` VALUES (1,'PMP® Exam & Certification | Flat 40% Off - Enroll Now','pmp certification',69,3,1,1,'2024-12-31',90500,3.76,4253,100.00,15991.00,100.00,0.6000,166000000,78.00),(2,'PMP® Exam & Certification | Confidently Ace The PMP Exam','pmp certification',69,3,1,1,'2025-01-01',90500,3.76,4253,100.00,15991.00,100.00,0.6000,172000000,78.00),(3,'PMP® Training & Exam | Special Offer: Get $400 Off','pmp certification',69,3,1,2,'2025-01-14',90500,3.82,1176,100.00,4492.00,100.00,0.6500,154000000,77.00),(4,'CSM Scrum Master Course Online | Today\'s Offer: Up To 51% Off','scrum master certification',106,1,1,1,'2025-01-10',18100,3.21,850,100.00,2728.00,100.00,0.6400,32000000,70.00),(5,'PMP® Certification | Ace PMP Exam in 1st Attempt','pmp certification',69,3,3,3,'2025-01-07',90500,3.82,814,100.00,3109.00,100.00,0.6500,165000000,78.00),(6,'ITIL® 4 Certification Course | 100% Money Back Guarantee','itil certification',45,4,1,1,'2025-01-26',14800,2.33,695,100.00,1619.00,100.00,0.4900,13700000,55.00),(7,'CSM Scrum Master Course Online | Today\'s Offer: Up To 51% Off','certified scrum master certification',19,1,1,1,'2025-01-17',9900,3.21,465,100.00,1492.00,100.00,0.6400,44200000,50.00),(8,'Scrum Alliance CSM® Training | Flash Sale: Enroll @ $270','csm certification',26,1,1,1,'2024-12-28',9900,4.52,465,100.00,2101.00,100.00,0.4300,51800000,57.00),(9,'PMP® Certification Course | Ace PMP Exam in 1st Attempt','pmp certification',69,3,6,0,'2025-01-26',90500,3.82,452,100.00,1726.00,100.00,0.6500,155000000,70.00),(10,'Simplilearn PMP® Course | Special Offer: Get $400 Off','simplilearn',125,99,1,1,'2025-01-22',8100,2.31,380,100.00,877.00,100.00,0.1400,4130000,52.00),(11,'Simplilearn® Courses | Online Certification Courses','simplilearn',125,99,1,1,'2025-01-25',8100,2.31,380,100.00,877.00,100.00,0.1400,4880000,48.00),(12,'PMP® Certification Course','pmp certification requirements',75,3,1,0,'2025-01-26',6600,2.37,310,100.00,734.00,100.00,0.5900,162000000,54.00),(13,'CSM Scrum Master Course Online - Limited-time Offer: $270 Only','certified scrum master',17,1,1,1,'2025-01-07',5400,2.53,253,100.00,640.00,98.00,0.4900,40200000,73.00),(14,'PMI Certified PMP® Training | Ace PMP Exam in 1st Attempt','pmi certification',64,99,1,1,'2025-01-22',5400,3.35,253,100.00,847.00,100.00,0.5900,48200000,45.00),(15,'PMP® Certification | Special Offer: Get $400 Off','project management certification',97,3,5,5,'2024-12-31',49500,6.49,247,100.00,1603.00,100.00,0.6800,978000000,76.00),(16,'Become a Certified ScrumMaster | Today\'s Offer: Up To 51% Off','scrum master certification',106,1,3,3,'2025-01-04',18100,3.21,162,86.00,520.00,80.00,0.6400,31900000,74.00),(17,'PMP® Certification | Confidently Ace The PMP Exam','project management professional certification',98,3,4,4,'2024-12-31',18100,3.76,126,67.00,473.00,72.00,0.6000,931000000,82.00),(18,'CAPM® Certification Training | Ace CAPM® Exam in 1st Attempt','capm certification',11,99,4,4,'2025-01-25',14800,2.72,103,55.00,280.00,43.00,0.6300,5790000,58.00),(19,'ITIL Certification Course - 100% Exam Pass Guarantee','itil certification',45,4,4,4,'2025-01-26',14800,2.33,103,55.00,239.00,36.00,0.4900,13700000,55.00),(20,'Simplilearn Post Graduate - Online Post Graduate Programs','post graduate program in digital marketing simpli learn purdue cost',96,99,1,1,'2025-01-21',1900,0.00,89,47.00,0.00,0.00,0.0000,68,30.00),(21,'PMP® Certification Course | Ace PMP Exam in 1st Attempt','pmp certification requirements',75,3,2,2,'2025-01-14',6600,2.37,85,45.00,201.00,31.00,0.5900,166000000,55.00),(22,'SAFe® Agilist Certification | Special Offer: Get $250 Off','safe certification',102,99,2,2,'2025-01-24',6600,3.77,85,45.00,320.00,49.00,0.4100,1400000000,48.00),(23,'PMP® Certification | Ace PMP Exam in 1st Attempt','pmp certifications',78,3,1,1,'2025-01-19',1600,3.82,75,40.00,286.00,44.00,0.6500,35300000,73.00),(24,'Simplilearn Online Bootcamps | Online Certification Courses','simplilearn login',137,99,1,1,'2025-01-23',1600,1.31,75,40.00,98.00,15.00,0.1300,64,57.00),(25,'CSM Scrum Master Course Online | Today\'s Offer: Up To 51% Off','smum master certification',150,99,1,1,'2025-01-02',1600,0.00,75,40.00,0.00,0.00,0.0000,16200000,68.00),(26,'CSM Scrum Master Course Online | Today\'s Offer: Up To 51% Off','certified scrum master',17,1,2,2,'2024-12-30',5400,2.68,70,37.00,187.00,28.00,0.4300,24600000,73.00),(27,'CSPO® Certification | Limited Offer: Enroll @ $270','cspo',29,99,2,2,'2025-01-07',5400,4.09,70,37.00,286.00,44.00,0.4100,8660000,44.00),(28,'PMP® Exam & Certification - Special Offer: Get $400 Off','pmp certification cost',71,3,5,5,'2025-01-07',12100,2.59,60,32.00,155.00,23.00,0.3300,112000000,46.00),(29,'PMP® Exam & Certification','pmp exam',82,3,3,0,'2025-01-26',6600,2.60,59,31.00,153.00,23.00,0.3900,21000000,60.00),(30,'CSPO® Certification | Special Offer: Flat $279 Off','cspo',29,99,3,3,'2025-01-03',5400,4.09,48,25.00,196.00,30.00,0.4100,8780000,44.00),(31,'Simplilearn® Courses - Online Certification Courses','simplelearn',115,99,1,1,'2025-01-13',1000,2.31,47,25.00,108.00,16.00,0.1400,4340000,56.00),(32,'Simplilearn® Courses - Online Certification Courses','simpli learn',118,99,1,1,'2025-01-06',1000,2.31,47,25.00,108.00,16.00,0.1400,4430000,66.00),(33,'Simplilearn® Courses | Online Certification Courses','simply learn',144,99,1,1,'2025-01-06',1000,2.31,47,25.00,108.00,16.00,0.1400,4350000,62.00),(34,'PMP® Exam & Certification | Confidently Ace The PMP Exam','pmp exam',82,3,4,4,'2024-12-31',6600,2.17,46,24.00,99.00,15.00,0.3600,24200000,68.00),(35,'PMP® Exam & Certification | Special Offer: Get $400 Off','pmp exam',82,3,4,4,'2025-01-10',6600,2.60,46,24.00,119.00,18.00,0.3900,20400000,63.00),(36,'PMP® Certification Course | Ace PMP Exam in 1st Attempt','pmp certification exam questions',73,3,1,1,'2025-01-17',880,1.06,41,21.00,43.00,6.00,0.4500,94000000,37.00),(37,'Simplilearn® Official Site | Online Courses','simplilearn americas',126,99,1,1,'2024-12-31',720,1.88,33,17.00,62.00,9.00,0.1600,775000,37.00),(38,'PMP® Exam & Certification | Ace PMP Exam in 1st Attempt','pmp exam cost',83,3,2,2,'2025-01-15',2400,2.28,31,16.00,70.00,10.00,0.2800,11400000,38.00),(39,'PMP® Exam & Certification | Flat 40% Off - Enroll Now','pmp exam cost',83,3,2,2,'2025-01-22',2400,2.28,31,16.00,70.00,10.00,0.2800,11600000,44.00),(40,'Simplilearn® Courses - Online Certification Courses','simplylearn',146,99,1,1,'2025-01-17',590,2.31,27,14.00,62.00,9.00,0.1400,0,80.00),(41,'TOGAF® Architect Certification | Enroll in TOGAF® Course Now','togaf certification',152,99,2,2,'2025-01-20',1900,2.34,24,12.00,56.00,8.00,0.5200,1440000,43.00),(42,'PMP® Certification - Flat 40% Off - Enroll Now','pmp exam fee',84,3,2,2,'2024-12-27',1900,1.85,24,12.00,44.00,6.00,0.3400,8680000,27.00),(43,'ITIL® 4 Certification Course | Accredited Course Curriculum','itil certifications',49,4,4,4,'2025-01-25',2900,2.33,20,10.00,46.00,7.00,0.4900,11300000,63.00),(44,'SAFe® Agilist Certification | Special Offer: Get $250 Off','scaled agile framework certification',104,99,4,4,'2025-01-10',2900,3.77,20,10.00,75.00,11.00,0.4100,5330000,57.00),(45,'Simplilearn® Courses - Online Certification Courses','simlilearn',111,99,1,1,'2025-01-06',390,2.31,18,9.00,41.00,6.00,0.1400,4380000,70.00),(46,'TOGAF® Architect Certification | Enroll in TOGAF® Course Now','togaf certified',156,99,1,1,'2024-12-28',390,2.35,18,9.00,42.00,6.00,0.4100,1460000,50.00),(47,'AWS Certification Course','amazon web service certification',3,99,2,2,'2025-01-24',1300,1.74,16,8.00,27.00,4.00,0.3400,318000000,97.00),(48,'PMP® Exam & Certification | Confidently Ace The PMP Exam','pmp practice exam free',88,3,1,1,'2025-01-01',320,1.50,15,8.00,22.00,3.00,0.4300,3230000,29.00),(49,'PMP® Exam & Certification | Ace PMP Exam in 1st Attempt','pmp study course',91,3,1,1,'2025-01-24',320,8.96,15,8.00,134.00,20.00,0.1900,35800000,58.00),(50,'SAFe® Agilist Certification | Limited Offer: Enroll @ $545','scaled agile framework certification',104,99,6,6,'2025-01-10',2900,3.77,14,7.00,52.00,8.00,0.4100,5330000,57.00),(51,'PMP® Certification Course | Ace PMP Exam in 1st Attempt','how to get pmp certification',35,3,4,4,'2025-01-15',1900,3.92,13,6.00,50.00,7.00,0.6900,39400000,46.00),(52,'TOGAF® Architect Certification | TOGAF® Free Exam Retake','togaf certification',152,99,4,4,'2024-12-30',1900,2.35,13,6.00,30.00,4.00,0.4100,1750000,45.00),(53,'Simplilearn® Courses','simply learn',144,99,2,2,'2025-01-06',1000,2.31,13,6.00,30.00,4.00,0.1400,4350000,62.00),(54,'Simplilearn® Courses','simplelern',116,99,1,1,'2025-01-01',260,1.88,12,6.00,22.00,3.00,0.1600,4570000,48.00),(55,'PMP® Certification Course | Ace PMP Exam in 1st Attempt','pmp course',80,3,5,5,'2025-01-23',2400,7.22,12,6.00,86.00,13.00,0.6900,71600000,70.00),(56,'Simplilearn® Official Site','login simplilearn',62,99,1,1,'2025-01-08',260,1.31,12,6.00,15.00,2.00,0.1300,1920000,45.00),(57,'PMP® Exam & Certification','pmp test',92,3,4,4,'2025-01-22',1600,2.60,11,5.00,28.00,4.00,0.3900,51700000,67.00),(58,'Simplilearn® Official Site','simplilern',142,99,1,1,'2025-01-05',210,2.31,9,4.00,20.00,3.00,0.1400,4330000,63.00),(59,'SAFe® Agilist Certification | Special Offer: Get $250 Off','scale agile certification',103,99,2,0,'2025-01-26',720,3.77,9,4.00,33.00,5.00,0.4100,37100000,44.00),(60,'AWS Certified Cloud Practioner | Special Offer Get Flat 43% Off','aws practitioner certification',4,2,3,0,'2025-01-26',1000,1.50,9,4.00,13.00,2.00,0.4100,29200000,78.00),(61,'TOGAF® Architect Certification - TOGAF® Free Exam Retake','togaf certification',152,99,6,6,'2025-01-20',1900,2.34,9,4.00,21.00,3.00,0.5200,1440000,43.00),(62,'PMP® Exam & Certification | Ace PMP Exam in 1st Attempt','pmi pmp certification',66,3,2,2,'2025-01-13',720,3.98,9,4.00,35.00,5.00,0.5700,8920000,70.00),(63,'TOGAF® Enterprise Architecture | Master TOGAF® Core Concepts','togaf training',158,99,1,1,'2025-01-25',210,3.85,9,4.00,34.00,5.00,0.3800,4160000,43.00),(64,'Simplilearn Online Bootcamps | Online Certification Courses','simpilearn',112,99,1,1,'2025-01-22',170,2.31,7,3.00,16.00,2.00,0.1400,4260000,49.00),(65,'Simplilearn® Courses','simplylearn',146,99,2,2,'2025-01-01',590,1.88,7,3.00,13.00,2.00,0.1600,4820000,47.00),(66,'Simplilearn Courses','simplilearning',139,99,1,1,'2025-01-13',170,0.00,7,3.00,0.00,0.00,0.0000,4240000,78.00),(67,'Certified Scrum Product Owner® | Limited Offer: Flat $279 Off','scrum master certification free',108,1,4,4,'2025-01-06',1000,1.79,7,3.00,12.00,1.00,0.5500,4570000,42.00),(68,'TOGAF® 10 Certification Course | Master TOGAF® Core Concepts','togaf certifications',155,99,1,1,'2025-01-01',140,2.35,6,3.00,14.00,2.00,0.4100,2880000,51.00),(69,'Simplilearn Online Bootcamps | Online Certification Courses','smplilearn',149,99,1,1,'2025-01-22',140,2.31,6,3.00,13.00,2.00,0.1400,4210000,49.00),(70,'Simplilearn® Courses | Online Certification Courses','simplileaern',122,99,1,1,'2025-01-18',140,2.31,6,3.00,13.00,2.00,0.1400,4480000,38.00),(71,'Simplilearn® Courses','simplileanr',123,99,1,1,'2025-01-19',140,2.31,6,3.00,13.00,2.00,0.1400,4340000,49.00),(72,'Become Certified Scrum Master | Flash Sale: Enroll @ $270','certified scrum certification',16,1,4,4,'2025-01-10',880,3.01,6,3.00,18.00,2.00,0.5600,6460000,73.00),(73,'Simplilearn® Official Site - Online Certification Courses','simpllearn',143,99,1,1,'2025-01-15',140,2.31,6,3.00,13.00,2.00,0.1400,4210000,54.00),(74,'PMP® Certification Course | Ace PMP Exam in 1st Attempt','pmp certification training',76,3,5,5,'2025-01-24',1300,9.39,6,3.00,56.00,8.00,0.4200,209000000,70.00),(75,'Simplilearn® Courses | Online Certification Courses','simplilarn',121,99,1,1,'2024-12-31',110,1.88,5,2.00,9.00,1.00,0.1600,4570000,44.00),(76,'PMP® Certification Course | Ace PMP Exam in 1st Attempt','project management professional prep course',99,3,3,3,'2025-01-23',590,8.96,5,2.00,44.00,6.00,0.1900,41600000,43.00),(77,'PMP® Training & Exam - Ace PMP Exam in 1st Attempt','pmp exam practice test',85,3,3,3,'2025-01-26',590,2.08,5,2.00,10.00,1.00,0.5200,5570000,32.00),(78,'PMP® Certification Training | Ace PMP Exam in 1st Attempt','how to prepare for pmp certification',37,3,1,1,'2025-01-13',110,3.07,5,2.00,15.00,2.00,0.4000,10200000,33.00),(79,'ITIL Foundations Course | 100% Exam Pass Guarantee','itil 4 foundation certification',41,4,2,2,'2025-01-09',390,3.33,5,2.00,16.00,2.00,0.5200,9890000,44.00),(80,'Simplilearn® Courses | Level Up Your Skills | Launch Your Career','simpli lear',117,99,1,1,'2025-01-02',90,1.88,4,2.00,7.00,1.00,0.1600,4460000,38.00),(81,'Simplilearn® Courses','simplilearn azure',128,99,1,1,'2025-01-20',90,0.00,4,2.00,0.00,0.00,0.4300,231000,36.00),(82,'Cloud Architect Certificate - Become a Cloud Architect','cloud architect certification',25,99,3,3,'2025-01-22',480,6.39,4,2.00,25.00,3.00,0.4000,63800000,77.00),(83,'PMP® Certification Training | Flat 40% Off - Enroll Now','cheap pmp certification',24,3,1,1,'2025-01-18',90,5.98,4,2.00,23.00,3.00,0.4600,40900000,25.00),(84,'CSPO® Certification Course | Limited Offer: Flat $279 Off','cspo training',30,99,3,3,'2024-12-31',480,6.97,4,2.00,27.00,4.00,0.2400,8690000,44.00),(85,'Simplilearn® Official Site','simplilearn log in',136,99,1,1,'2025-01-20',90,1.31,4,2.00,5.00,0.00,0.1300,61,19.00),(86,'Simplilearn ITIL 4 Training - Online Certification Courses','skillup by simplilearn',148,99,1,1,'2024-12-31',90,4.47,4,2.00,17.00,2.00,0.3100,55,49.00),(87,'CSM Scrum Master Course Online - Today\'s Offer: Up To 51% Off','certified scrum master class',20,1,2,2,'2025-01-24',260,5.46,3,1.00,16.00,2.00,0.4300,4450000,59.00),(88,'Simplilearn PMP® Course | Flat 40% Off - Enroll Now','similearn',110,99,1,1,'2025-01-22',70,2.31,3,1.00,6.00,0.00,0.1400,4210000,48.00),(89,'CSM Scrum Master Course Online | Today\'s Offer: Up To 51% Off','certified scrum master certificate',18,1,2,2,'2025-01-22',260,3.21,3,1.00,9.00,1.00,0.6400,13700000,64.00),(90,'PMP® Certification Course','how to get project management certification',36,3,3,3,'2025-01-21',390,7.37,3,1.00,22.00,3.00,0.7200,375000000,56.00),(91,'Simplilearn Courses | Online Courses','simplilearn courses',131,99,1,1,'2025-01-09',70,6.31,3,1.00,18.00,2.00,0.3800,3310000,52.00),(92,'CSM Scrum Master Course Online | Today\'s Offer: Up To 51% Off','certified scrum master course',21,1,3,3,'2025-01-18',390,5.46,3,1.00,16.00,2.00,0.4300,49100000,60.00),(93,'Product Owner (CSPO®) Course | Limited Offer: Flat $279 Off','a certified scrum product owner',1,1,1,1,'2025-01-16',70,3.02,3,1.00,9.00,1.00,0.4200,8800000,44.00),(94,'Master ITIL 4 Foundation - Clear ITIL Exam on 1st Attempt','itil foundation mock test',52,4,1,1,'2025-01-24',70,1.80,3,1.00,5.00,0.00,0.2600,277000,12.00),(95,'Simplilearn PMP® Course | Special Offer: Get $400 Off','siplilearn',147,99,1,1,'2025-01-02',70,1.88,3,1.00,5.00,0.00,0.1600,4790000,38.00),(96,'Simplilearn Online Bootcamps | Level Up Your Skills','simplielarn',119,99,1,1,'2025-01-23',70,2.31,3,1.00,6.00,0.00,0.1400,4260000,62.00),(97,'Simplilearn® Courses | Online Certification Courses','simplielearn',120,99,1,0,'2025-01-26',70,2.31,3,1.00,6.00,0.00,0.1400,4490000,58.00),(98,'Simplilearn Online Bootcamps | Online Certification Courses','simplilear',124,99,1,1,'2025-01-02',70,1.88,3,1.00,5.00,0.00,0.1600,4610000,68.00),(99,'Simplilearn® Official Site | Online Certification Courses','simply lern',145,99,1,1,'2025-01-22',70,0.00,3,1.00,0.00,0.00,0.0000,4130000,47.00),(100,'Master ITIL 4 Foundation - 100+ Premium Exam Questions','itil foundation mock exam',51,4,1,1,'2024-12-31',70,2.67,3,1.00,8.00,1.00,0.2800,313000,16.00),(101,'AWS Certified Cloud Practioner | Today\'s offer- Flat $300 Off','best aws learning tutorial',6,2,5,5,'2025-01-23',720,0.00,3,1.00,0.00,0.00,0.0000,45700000,47.00),(102,'Simplilearn Online Bootcamps | Online Certification Courses','simplilearns',140,99,1,1,'2025-01-17',50,2.31,2,1.00,4.00,0.00,0.1400,4410000,76.00),(103,'PMP® Certification Course | Flat 40% Off - Enroll Now','pmp certification courses online',72,3,3,3,'2024-12-27',260,9.78,2,1.00,19.00,2.00,0.6200,8930000,57.00),(104,'PMP® Certification | Flat 40% Off - Enroll Now','online pmp certification training',63,3,1,1,'2024-12-27',50,11.09,2,1.00,22.00,3.00,0.4800,7540000,57.00),(105,'CSM Scrum Master Course Online | Limited-time Offer: $270 Only','csm scrum master certification',28,1,2,2,'2025-01-25',210,3.23,2,1.00,6.00,0.00,0.4000,4620000,48.00),(106,'PMP® Training & Exam | Confidently Ace The PMP Exam','pmp prep classes',89,3,5,5,'2025-01-01',590,10.08,2,1.00,20.00,3.00,0.5500,490000,49.00),(107,'Simplilearn Online Bootcamps | Launch Your Career','simplilerarn',141,99,1,1,'2025-01-06',50,2.31,2,1.00,4.00,0.00,0.1400,4770000,39.00),(108,'PMP® Exam & Certification - Confidently Ace The PMP Exam','pmp test requirements',93,3,3,3,'2025-01-01',260,1.67,2,1.00,3.00,0.00,0.3100,64800000,47.00),(109,'ITIL Certification Cost - 100% Exam Pass Guarantee','itil 4 foundation exam cost',43,4,3,0,'2025-01-26',320,2.48,2,1.00,4.00,0.00,0.4700,1050000,24.00),(110,'Simplilearn® Courses','simple lern',113,99,1,1,'2025-01-21',50,2.31,2,1.00,4.00,0.00,0.1400,4340000,NULL),(111,'CAPM® Exam Prep in 3 Weeks | Ace CAPM® Exam in 1st Attempt','capm course',12,99,6,0,'2025-01-26',590,4.50,2,1.00,9.00,1.00,0.7100,8770000,44.00),(112,'PMP® Certification Training | Flat 40% Off - Enroll Now','how much does it cost to do pmp-acp',34,3,4,4,'2025-01-05',390,0.00,2,1.00,0.00,0.00,0.0000,1910000,22.00),(113,'ITIL Certification Now - 4 Mock Tests | 30+ Quizzes','itil foundation test online',54,4,1,1,'2025-01-04',30,3.34,1,0.00,3.00,0.00,0.6000,797000,17.00),(114,'ITIL Certification Course | Clear ITIL Exam on 1st Attempt','itil certification course online',46,4,1,1,'2025-01-22',40,6.05,1,0.00,6.00,0.00,0.2400,4950000,32.00),(115,'PMP® Certification Training - Ace PMP Exam in 1st Attempt','pmp exam prep free',86,3,1,1,'2025-01-24',40,2.59,1,0.00,2.00,0.00,0.6300,2620000,30.00),(116,'Become CAPM® Ready in 3 Weeks | Ace CAPM® Exam in 1st...','certified associate in project management capm course',15,3,2,2,'2025-01-21',110,6.11,1,0.00,6.00,0.00,0.7500,328000,27.00),(117,'PMP® Exam & Certification | Ace PMP Exam in 1st Attempt','pmp certificaiton',68,3,2,2,'2025-01-12',140,3.38,1,0.00,3.00,0.00,0.6200,200000000,77.00),(118,'Simplilearn® Courses | Online Certification Courses','smplilearn',149,99,2,2,'2025-01-22',140,2.31,1,0.00,2.00,0.00,0.1400,4210000,49.00),(119,'Simplilearn® ITIL Programs | Online Certification Courses','simplilearn artificial intelligence engineer',127,99,1,1,'2025-01-23',30,4.19,1,0.00,4.00,0.00,0.4300,108000,33.00),(120,'ITIL Foundations Course | 100% Exam Pass Guarantee','itil foundation training',55,4,4,4,'2025-01-14',170,6.12,1,0.00,6.00,0.00,0.4200,8940000,36.00),(121,'PMP® Certification | Ace PMP Exam in 1st Attempt','certificado de gestion de proyectos',14,99,1,1,'2025-01-13',40,7.08,1,0.00,7.00,1.00,0.5300,80600000,18.00),(122,'TOGAF® Certification Price - TOGAF® Free Exam Retake','togaf certification training',154,99,2,2,'2025-01-21',90,4.43,1,0.00,4.00,0.00,0.4700,1050000,33.00),(123,'Simplilearn Online Bootcamps - Online Certification Courses','simplileaern',122,99,2,2,'2025-01-18',140,2.31,1,0.00,2.00,0.00,0.1400,4480000,38.00),(124,'ITIL Certification Course | 100% Exam Pass Guarantee','itil certification training',48,4,2,2,'2025-01-22',140,5.19,1,0.00,5.00,0.00,0.4900,11800000,54.00),(125,'Become a Certified ScrumMaster | Today\'s Offer: Up To 51%...','certified scrummaster csm',23,1,3,3,'2025-01-18',140,3.23,1,0.00,3.00,0.00,0.4000,4120000,60.00),(126,'TOGAF® Enterprise Architecture | Enroll in TOGAF® Course Now','udacity enterprise architecture',159,99,4,4,'2025-01-06',260,0.00,1,0.00,0.00,0.00,0.0000,131000,20.00),(127,'Simplilearn ITIL 4 Training | Online Certification Courses','simplilearn itil',135,4,1,1,'2025-01-05',40,8.90,1,0.00,8.00,1.00,0.4800,92100,41.00),(128,'Simplilearn® Official Site - Online Certification Courses','simplilearn.com',138,99,1,1,'2025-01-15',40,2.44,1,0.00,2.00,0.00,0.1800,4690000,77.00),(129,'Simplilearn® Training Programs | Get Certified. Get Ahead.','simplilearn cloud architect',130,99,1,1,'2025-01-13',40,0.00,1,0.00,0.00,0.00,0.0500,372000,34.00),(130,'ITIL Certification Course | Clear ITIL Exam on 1st Attempt','itl certification',59,99,1,1,'2025-01-10',30,2.33,1,0.00,2.00,0.00,0.4900,15500000,47.00),(131,'Simplilearn Online Bootcamps | Trusted by 3 Million+ Learners','simplearn',114,99,1,1,'2025-01-21',30,2.31,1,0.00,2.00,0.00,0.1400,4270000,44.00),(132,'Master ITIL 4 Foundation - Clear ITIL Exam on 1st Attempt','itil 4 foundation mock exam',44,4,1,1,'2025-01-09',30,2.78,1,0.00,2.00,0.00,0.4000,402000,15.00),(133,'PMP® Certification Course | Ace PMP Exam in 1st Attempt','pmp courses online free',81,3,1,1,'2025-01-18',40,4.61,1,0.00,4.00,0.00,0.4600,53900000,28.00),(134,'PMI Certified PMP® Training | Flat 40% Off - Enroll Now','pmi project management course',67,3,3,3,'2024-12-28',210,4.57,1,0.00,4.00,0.00,0.4800,25400000,62.00),(135,'Simplilearn® Courses | Online Certification Courses','simplilearn data science',132,99,2,2,'2025-01-05',90,7.24,1,0.00,7.00,1.00,0.4300,1630000,51.00),(136,'Become Certified Scrum Master | Today\'s Offer: Up To 51% Off','certified scrum master csm certification',22,1,3,3,'2024-12-28',170,3.37,1,0.00,3.00,0.00,0.3800,1910000,51.00),(137,'Simplilearn ITIL V4 | Online Certification Courses','simplilearn cissp',129,99,1,1,'2025-01-05',30,5.91,1,0.00,5.00,0.00,0.6300,46,37.00),(138,'CSM Scrum Master Course Online | Limited-time Offer: $270 Only','csm class',27,1,3,3,'2025-01-12',140,3.62,1,0.00,3.00,0.00,0.0900,69900000,42.00),(139,'Simplilearn Online Bootcamps | Online Certification Courses','simplilearn full stack developer',133,99,2,2,'2025-01-12',110,7.51,1,0.00,7.00,1.00,0.7000,333000,50.00),(140,'PMI Certified PMP® Training | Ace PMP Exam in 1st Attempt','pmp training pmi',95,3,3,3,'2025-01-09',210,3.98,1,0.00,3.00,0.00,0.5700,5580000,70.00),(141,'Simplilearn ITIL 4 Training - Level Up Your Skills','skillup by simplilearn',148,99,2,2,'2024-12-31',90,4.47,1,0.00,4.00,0.00,0.3100,55,49.00),(142,'Cloud Certification Course | Masters Certification in Cloud','caltech post graduate program in cloud computing',10,99,3,3,'2024-12-31',40,15.02,0,0.00,0.00,0.00,0.4700,79700,19.00),(143,'PMP® Certification Course | Flat 40% Off - Enroll Now','it project manager certification',40,99,5,5,'2024-12-29',140,7.25,0,0.00,0.00,0.00,0.5100,262000000,45.00),(144,'PMP® Exam & Certification | Confidently Ace The PMP Exam','pmi exam prep',65,99,4,4,'2024-12-31',140,5.36,0,0.00,0.00,0.00,0.6600,5700000,56.00),(145,'PMP® Certification | Confidently Ace The PMP Exam','best course for pmp',7,3,4,4,'2024-12-31',30,10.26,0,0.00,0.00,0.00,0.2400,15600000,39.00),(146,'ITIL Certification Course | 100% Exam Pass Guarantee','itil certification online',47,4,3,3,'2025-01-03',110,3.55,0,0.00,0.00,0.00,0.3000,3810000,40.00),(147,'ITIL Foundations Course | 100% Exam Pass Guarantee','itil online certification',57,4,2,2,'2024-12-31',30,4.00,0,0.00,0.00,0.00,0.2900,11600000,35.00),(148,'No Cost & No Hidden Fees - AWS Certification Course','best platform to learn aws',8,2,4,0,'2025-01-26',110,0.00,0,0.00,0.00,0.00,0.2600,149000000,38.00),(149,'PMP® Certification Course | Confidently Ace The PMP Exam','pmp certification what is it',77,3,4,4,'2025-01-01',70,2.08,0,0.00,0.00,0.00,0.2800,143000000,49.00),(150,'CAPM® Certification Training | Ace CAPM® Exam in 1st...','certified associate in project management capm course',15,3,5,5,'2025-01-21',110,6.11,0,0.00,0.00,0.00,0.7500,328000,27.00),(151,'PMP® Course | Confidently Ace The PMP Exam','best pmp prep course',9,3,6,6,'2024-12-31',170,8.40,0,0.00,0.00,0.00,0.5200,1260000,32.00),(152,'ITIL Certification Course | 100% Exam Pass Guarantee','itil classes online',50,4,3,3,'2025-01-21',70,6.05,0,0.00,0.00,0.00,0.2400,716000,33.00),(153,'Simplilearn® Courses | Online Certification Courses','simplilearn artificial intelligence engineer',127,99,4,4,'2024-12-27',30,9.33,0,0.00,0.00,0.00,0.9500,149000,24.00),(154,'Simplilearn TOGAF - Online Certification Courses','simplilearn artificial intelligence engineer',127,99,6,6,'2025-01-23',30,4.19,0,0.00,0.00,0.00,0.4300,108000,33.00),(155,'ITIL Foundations Course | 100% Exam Pass Guarantee','learning tree itil 4 foundation',61,4,3,3,'2024-12-31',40,2.53,0,0.00,0.00,0.00,0.2600,235000,8.00),(156,'PMP® Training Course | Confidently Ace The PMP Exam','purdue project management essentials',100,3,2,2,'2025-01-01',30,5.11,0,0.00,0.00,0.00,0.1500,186000,34.00),(157,'Project Management Training','purdue project management essentials',100,3,5,5,'2025-01-01',30,5.11,0,0.00,0.00,0.00,0.1500,186000,34.00),(158,'TOGAF® Enterprise Architecture | Enroll in TOGAF® Course Now','it architect certification program',39,99,4,4,'2025-01-22',110,3.68,0,0.00,0.00,0.00,0.2200,41700000,31.00),(159,'TOGAF® 10 Certification Course | Enroll in TOGAF® Course Now','togaf course online',157,99,2,2,'2025-01-03',40,4.94,0,0.00,0.00,0.00,0.4000,313000,21.00),(160,'AWS Solution Architect Course | Get AWS Associate Certificate','aws solutions architect-associate',5,2,4,4,'2025-01-05',70,3.86,0,0.00,0.00,0.00,0.2500,11000000,61.00),(161,'CSM Scrum Master Course Online - Today\'s Offer: Up To 51% Off','get certified scrum master',33,1,3,3,'2025-01-24',40,4.15,0,0.00,0.00,0.00,0.7900,15000000,47.00),(162,'Online AWS CPE Course | Special Offer Get Flat 43% Off','devops certification course',31,2,4,4,'2024-12-31',50,7.78,0,0.00,0.00,0.00,0.4600,51200000,60.00),(163,'CSM Scrum Master Course Online | Today\'s Offer: Up To 51% Off','scrum master certification course',107,1,4,4,'2025-01-24',140,5.46,0,0.00,0.00,0.00,0.4300,13800000,62.00),(164,'PMP® Exam & Certification | Flat 40% Off - Enroll Now','pmp training and certification cost',94,3,4,4,'2025-01-06',50,2.59,0,0.00,0.00,0.00,0.3300,6630000,37.00),(165,'Leading SAFe® 6 Certification | Special Offer: Get $250 Off','safe 6.0 certification',101,99,4,4,'2025-01-22',70,4.43,0,0.00,0.00,0.00,0.5700,332000000,38.00),(166,'PMP® Exam & Certification','pmp registered',90,3,2,2,'2025-01-21',40,5.31,0,0.00,0.00,0.00,0.2600,51600000,56.00),(167,'PMP® Exam & Certification | Flat 40% Off - Enroll Now','pmp registered',90,3,5,5,'2025-01-21',40,5.31,0,0.00,0.00,0.00,0.2600,51600000,56.00),(168,'PMP® Exam & Certification | Ace PMP Exam in 1st Attempt','how to register for pmp exam',38,3,2,2,'2025-01-15',70,3.18,0,0.00,0.00,0.00,0.4500,19900000,18.00),(169,'CSM Scrum Master Course Online - Today\'s Offer: Up To 51% Off','srum master certification',151,99,4,4,'2024-12-31',40,3.40,0,0.00,0.00,0.00,0.5600,32400000,64.00),(170,'SAFe® Agile Training & Exam | Special Offer: Get $250 Off','scrum safe certification',109,1,3,3,'2025-01-26',30,3.86,0,0.00,0.00,0.00,0.5100,7270000,27.00),(171,'PMP® Course | Confidently Ace The PMP Exam','pmp free course',87,3,3,3,'2025-01-01',110,4.18,0,0.00,0.00,0.00,0.5700,48300000,35.00),(172,'PMP® Certification Course','how to prepare for pmp certification',37,3,5,5,'2025-01-13',110,3.07,0,0.00,0.00,0.00,0.4000,10200000,33.00),(173,'PMP® Exam & Certification | Flat 40% Off - Enroll Now','what is the cost of pmp exam',160,3,4,4,'2025-01-24',40,2.18,0,0.00,0.00,0.00,0.4000,4420000,34.00),(174,'Master ITIL 4 Foundation | 100% Exam Pass Guarantee','itil 4 foundation course',42,4,3,3,'2025-01-23',70,4.70,0,0.00,0.00,0.00,0.3500,6040000,46.00),(175,'PMP® Certification Course | Flat 40% Off - Enroll Now','pmp certification online course',74,3,6,6,'2024-12-27',170,9.78,0,0.00,0.00,0.00,0.6200,35200000,59.00),(176,'Master ITIL 4 Foundation | 100% Exam Pass Guarantee','itilv4 foundation',58,4,3,3,'2024-12-28',30,3.54,0,0.00,0.00,0.00,0.4300,1190000,35.00),(177,'ITIL Foundations Course | Clear ITIL Exam on 1st Attempt','itil foundations training',56,4,3,3,'2024-12-31',40,6.34,0,0.00,0.00,0.00,0.3800,11500000,32.00),(178,'Simplilearn PMP® Course - Limited Offer: Get $400 Off','siplilearn',147,99,2,2,'2025-01-02',70,1.88,0,0.00,0.00,0.00,0.1600,4790000,38.00),(179,'CSPO® Certification - Special Offer: Flat $279 Off','knowledgehut cspo',60,99,2,2,'2024-12-31',30,46.86,0,0.00,0.00,0.00,0.2300,54,14.00),(180,'Become CAPM® Ready in 3 Weeks | Ace CAPM® Exam in 1st...','capm training classes',13,99,2,2,'2025-01-16',70,5.62,0,0.00,0.00,0.00,0.4000,952000,39.00),(181,'Become Certified Scrum Master | Limited-time Offer: $270 Only','agile certified scrum master',2,1,3,3,'2024-12-31',90,3.19,0,0.00,0.00,0.00,0.5100,16100000,67.00),(182,'Simplilearn Online Bootcamps | Online Certification Courses','simplilearn generative ai',134,99,3,3,'2025-01-05',30,7.87,0,0.00,0.00,0.00,0.8500,568000,41.00),(183,'PMP® Exam & Certification | Special Offer: Get $400 Off','pmp certificering',79,3,6,6,'2024-12-31',30,3.77,0,0.00,0.00,0.00,0.1900,29700,66.00),(184,'PMP® Exam & Certification - Flat 40% Off - Enroll Now','pmp certification 35 hours online training',70,3,4,4,'2024-12-31',40,7.75,0,0.00,0.00,0.00,0.6100,28500000,31.00),(185,'Certified Scrum Product Owner® | Limited Offer: Flat $279 Off','scrum alliance csm certification cost',105,1,4,4,'2025-01-16',90,2.62,0,0.00,0.00,0.00,0.3900,512000,47.00),(186,'PMP® Certification Course','duration of pmp course',32,3,2,2,'2025-01-22',50,2.61,0,0.00,0.00,0.00,0.2400,21900000,46.00),(187,'TOGAF® Certification Exam Cost | TOGAF® Free Exam Retake','togaf certification price',153,99,4,4,'2025-01-13',30,1.94,0,0.00,0.00,0.00,0.3000,384000,24.00),(188,'Master ITIL 4 Foundation - 100% Exam Pass Guarantee','itil foundation test',53,4,2,2,'2025-01-23',50,2.49,0,0.00,0.00,0.00,0.5300,4550000,30.00);
/*!40000 ALTER TABLE `website_traffic_data` ENABLE KEYS */;
UNLOCK TABLES;

--
-- Final view structure for view `traffic_enriched`
--

/*!50001 DROP VIEW IF EXISTS `traffic_enriched`*/;
/*!50001 SET @saved_cs_client          = @@character_set_client */;
/*!50001 SET @saved_cs_results         = @@character_set_results */;
/*!50001 SET @saved_col_connection     = @@collation_connection */;
/*!50001 SET character_set_client      = utf8mb4 */;
/*!50001 SET character_set_results     = utf8mb4 */;
/*!50001 SET collation_connection      = utf8mb4_0900_ai_ci */;
/*!50001 CREATE ALGORITHM=UNDEFINED */
/*!50013 DEFINER=`root`@`localhost` SQL SECURITY DEFINER */
/*!50001 VIEW `traffic_enriched` AS select `w`.`id` AS `id`,`w`.`title` AS `title`,`w`.`keyword` AS `keyword`,`w`.`keyword_key` AS `keyword_key`,`w`.`keyword_id` AS `keyword_id`,`w`.`position` AS `position`,`w`.`previous_position` AS `previous_position`,`w`.`last_seen` AS `last_seen`,`w`.`search_volume` AS `search_volume`,`w`.`cpc` AS `cpc`,`w`.`traffic` AS `traffic`,`w`.`traffic_percent` AS `traffic_percent`,`w`.`traffic_cost` AS `traffic_cost`,`w`.`traffic_cost_percent` AS `traffic_cost_percent`,`w`.`competition` AS `competition`,`w`.`number_of_results` AS `number_of_results`,`w`.`keyword_difficulty` AS `keyword_difficulty`,`k`.`keyword` AS `keyword_name` from (`website_traffic_data` `w` join `keyword` `k` on((`w`.`keyword_key` = `k`.`keyword_key`))) */;
/*!50001 SET character_set_client      = @saved_cs_client */;
/*!50001 SET character_set_results     = @saved_cs_results */;
/*!50001 SET collation_connection      = @saved_col_connection */;
/*!40103 SET TIME_ZONE=@OLD_TIME_ZONE */;

/*!40101 SET SQL_MODE=@OLD_SQL_MODE */;
/*!40014 SET FOREIGN_KEY_CHECKS=@OLD_FOREIGN_KEY_CHECKS */;
/*!40014 SET UNIQUE_CHECKS=@OLD_UNIQUE_CHECKS */;
/*!40101 SET CHARACTER_SET_CLIENT=@OLD_CHARACTER_SET_CLIENT */;
/*!40101 SET CHARACTER_SET_RESULTS=@OLD_CHARACTER_SET_RESULTS */;
/*!40101 SET COLLATION_CONNECTION=@OLD_COLLATION_CONNECTION */;
/*!40111 SET SQL_NOTES=@OLD_SQL_NOTES */;

-- Dump completed on 2026-05-10 13:41:06
